Series Name,Series Code,Country Name,Country Code,1990 [YR1990],2000 [YR2000],2015 [YR2015],2016 [YR2016],2017 [YR2017],2018 [YR2018],2019 [YR2019],2020 [YR2020],2021 [YR2021],2022 [YR2022],2023 [YR2023],2024 [YR2024]
GDP per capita (current US$),NY.GDP.PCAP.CD,Afghanistan,AFG,..,174.9309914,565.5697304,522.0822156,525.4697709,491.3372214,496.6025043,510.7870634,356.4962141,357.2611528,413.7578947,..
GDP per capita (current US$),NY.GDP.PCAP.CD,Albania,ALB,617.2304355,1160.420471,4199.539129,4457.634122,5006.36013,5897.654526,6069.439031,6027.913507,7242.455131,7756.961887,9730.869219,11377.77574
GDP per capita (current US$),NY.GDP.PCAP.CD,Algeria,DZA,2445.183327,1772.928691,4685.059027,4424.98529,4554.66754,4577.210292,4468.453419,3743.541952,4160.559267,4960.303343,5370.477235,5752.990767
GDP per capita (current US$),NY.GDP.PCAP.CD,American Samoa,ASM,..,..,12727.41027,12843.33429,11863.68395,12552.05469,12886.13595,14489.25866,15236.16049,18017.45894,..,..
GDP per capita (current US$),NY.GDP.PCAP.CD,Andorra,AND,19563.65747,21810.25038,38654.95288,40129.83858,40672.97174,42819.75775,41257.81646,37361.10701,42425.70665,42414.04799,46812.4261,49303.64917
GDP per capita (current US$),NY.GDP.PCAP.CD,Angola,AGO,965.8668405,563.7337956,3641.728939,2051.814621,2790.718869,2860.093648,2493.678844,1759.356199,2303.908127,3682.113151,2916.136633,2665.874448
GDP per capita (current US$),NY.GDP.PCAP.CD,Antigua and Barbuda,ATG,7590.754424,12027.49498,16077.63408,16556.85518,16965.72883,18273.42707,18896.37218,15369.60823,17348.6007,20105.19891,21494.5474,23542.45269
GDP per capita (current US$),NY.GDP.PCAP.CD,Argentina,ARG,4315.334031,7637.014892,13679.6265,12699.96231,14532.50093,11752.79989,9955.974787,8535.59938,10738.01792,13962.18941,14261.84657,13969.78366
GDP per capita (current US$),NY.GDP.PCAP.CD,Armenia,ARM,635.3553275,593.4505817,3512.393503,3524.424769,3869.053739,4196.005623,4597.228874,4268.680933,4685.179971,6571.974455,8159.08721,8556.21407
GDP per capita (current US$),NY.GDP.PCAP.CD,Aruba,ABW,12187.53636,20681.02303,27458.22015,27441.55021,28440.04169,30082.15842,30645.8906,22759.80718,26749.32961,30975.99891,35718.75312,39498.59413
GDP per capita (current US$),NY.GDP.PCAP.CD,Australia,AUS,18273.56153,21908.9968,56970.3613,50084.44406,54117.54772,57410.17373,55194.75851,51983.45237,60758.90444,65169.51911,65058.37731,64603.98563
GDP per capita (current US$),NY.GDP.PCAP.CD,Austria,AUT,21596.06822,24487.29747,43915.22802,45061.49939,47163.74258,51194.07498,49885.99474,48716.40989,53648.6438,52336.77252,56579.50418,58268.87877
GDP per capita (current US$),NY.GDP.PCAP.CD,Azerbaijan,AZE,1238.271893,655.0972496,5500.503646,3880.685228,4147.198142,4739.794312,4805.753718,4229.910649,5408.045352,7770.594223,7133.02838,7283.849908
GDP per capita (current US$),NY.GDP.PCAP.CD,"Bahamas, The",BHS,11473.30084,24940.07751,30719.40542,30616.53632,31875.48817,32642.33532,33640.33699,26178.75376,30367.86058,34957.16133,38231.77448,39455.44665
GDP per capita (current US$),NY.GDP.PCAP.CD,Bahrain,BHR,9342.538914,14214.48368,23734.05511,23800.00144,24784.76935,26324.40665,27259.74386,24342.84446,27147.80839,30470.52193,29290.12842,29653.56827
GDP per capita (current US$),NY.GDP.PCAP.CD,Bangladesh,BGD,283.0537371,396.6707302,1224.386477,1649.283809,1811.082217,1965.243727,2129.79897,2248.850788,2482.849178,2716.485928,2551.017738,2593.416117
GDP per capita (current US$),NY.GDP.PCAP.CD,Barbados,BRB,7781.405733,11674.67365,20424.20875,20295.56721,20284.57621,21381.24263,21912.15012,19194.49197,21079.61453,24387.03873,25583.87878,26544.87073
GDP per capita (current US$),NY.GDP.PCAP.CD,Belarus,BLR,1706.640919,1276.288034,5967.055951,5039.775609,5785.544919,6360.037502,6837.773396,6542.8558,7489.718947,7994.648061,7896.753883,8317.633999
GDP per capita (current US$),NY.GDP.PCAP.CD,Belgium,BEL,20600.37528,23098.88651,40893.80454,41854.54983,44035.32394,47487.21004,46716.62275,45906.28758,51658.23829,50605.74967,55291.47545,56614.56795
GDP per capita (current US$),NY.GDP.PCAP.CD,Belize,BLZ,2986.469621,4726.506755,6154.622642,6140.867139,6071.854518,6011.990369,6171.614498,5238.540782,6142.989306,7068.21728,7424.758213,7681.244006
GDP per capita (current US$),NY.GDP.PCAP.CD,Benin,BEN,371.1016043,487.4241414,1002.418869,1010.533896,1054.974081,1151.74097,1130.821353,1200.194266,1318.651581,1266.42711,1394.177847,1485.380189
GDP per capita (current US$),NY.GDP.PCAP.CD,Bermuda,BMU,27665.52581,56542.95695,104855.3668,108747.3561,112339.4256,113204.8221,115798.0408,106976.5462,112765.0817,121613.94,132604.4391,142855.3747
GDP per capita (current US$),NY.GDP.PCAP.CD,Bhutan,BTN,488.3274315,771.9249114,2954.040819,3152.309051,3435.288047,3400.204172,3576.879871,3191.66907,3570.61258,3711.32768,3831.325355,..
GDP per capita (current US$),NY.GDP.PCAP.CD,Bolivia,BOL,682.6768103,975.7770604,2996.012898,3035.873477,4048.401197,4206.855294,4203.154929,3580.967618,4010.760537,4219.461137,4274.708205,4421.166099
GDP per capita (current US$),NY.GDP.PCAP.CD,Bosnia and Herzegovina,BIH,1742.882622,1338.480596,4662.258692,4928.56659,5345.019788,6047.847072,6122.375414,6130.31188,7295.343787,7655.59421,8663.023265,9358.78769
GDP per capita (current US$),NY.GDP.PCAP.CD,Botswana,BWA,2903.153816,3450.811806,6141.203947,6749.059943,7104.964011,7407.959401,7172.089565,6323.297497,7807.887946,8328.709057,7826.353765,7695.753194
GDP per capita (current US$),NY.GDP.PCAP.CD,Brazil,BRA,2619.801411,3766.547863,8936.195589,8836.28546,10080.50787,9300.660729,9029.833044,7074.194075,7972.536961,9281.332821,10377.58977,10310.54888
GDP per capita (current US$),NY.GDP.PCAP.CD,British Virgin Islands,VGB,..,..,..,..,..,..,..,..,..,..,..,..
GDP per capita (current US$),NY.GDP.PCAP.CD,Brunei Darussalam,BRN,23658.71663,20130.25723,30625.12877,26663.2973,28024.38246,30988.11903,30426.57307,26834.35922,31006.96363,36632.9281,32890.54918,33153.47389
GDP per capita (current US$),NY.GDP.PCAP.CD,Bulgaria,BGR,2366.529821,1621.262107,7268.654455,7822.499233,8696.689304,9849.383972,10353.72046,10760.21198,12966.14575,13999.19495,15853.20864,17596.01737
GDP per capita (current US$),NY.GDP.PCAP.CD,Burkina Faso,BFA,338.5937591,248.9085269,630.1247508,663.7423648,709.0915359,777.4656185,764.8530778,825.2370388,895.5352884,827.3308435,873.4825897,981.9926498
GDP per capita (current US$),NY.GDP.PCAP.CD,Burundi,BDI,202.6294462,134.5378618,254.4025852,232.9378121,246.0607257,245.6616783,234.3106159,255.8324539,264.9803793,302.9925053,250.6272531,219.4248309
GDP per capita (current US$),NY.GDP.PCAP.CD,Cabo Verde,CPV,817.4429255,1189.514793,3415.062667,3608.966052,3893.095714,4294.9651,4380.781173,3539.226612,3971.444092,4323.31362,4794.901219,5192.481573
GDP per capita (current US$),NY.GDP.PCAP.CD,Cambodia,KHM,190.18147,296.4266875,1547.320104,1675.195557,1826.353917,2036.673776,2225.877055,2081.739142,2167.403242,2325.0305,2429.748535,2627.879698
GDP per capita (current US$),NY.GDP.PCAP.CD,Cameroon,CMR,1086.717009,708.5657316,1415.000097,1441.720173,1496.089518,1610.696416,1555.226605,1555.603707,1672.326573,1604.87727,1720.475102,1830.008337
GDP per capita (current US$),NY.GDP.PCAP.CD,Canada,CAN,21525.86114,24271.00206,43594.1941,42314.06158,45129.62812,46539.17616,46352.86934,43537.8393,52886.66164,56256.80073,54220.3285,54340.34772
GDP per capita (current US$),NY.GDP.PCAP.CD,Cayman Islands,CYM,..,..,76379.20988,77802.25357,80053.94427,83865.55404,88254.29025,82338.79774,86449.6749,93030.70514,99143.51802,..
GDP per capita (current US$),NY.GDP.PCAP.CD,Central African Republic,CAF,501.6562006,239.1541337,366.3228539,387.1762034,432.3240257,455.2439629,449.2284676,462.8790713,492.2631428,467.359825,495.9788973,516.161
GDP per capita (current US$),NY.GDP.PCAP.CD,Chad,TCD,290.5990453,163.1216637,993.9907306,861.8317676,854.4612004,948.6566299,893.3364416,866.9478149,946.3585002,966.0364683,949.3334537,961.5597556
GDP per capita (current US$),NY.GDP.PCAP.CD,Channel Islands,CHI,..,43479.19408,61847.82122,55947.57981,55806.35543,60784.81254,60564.6294,56785.9402,66915.39639,67627.14173,74585.52241,..
GDP per capita (current US$),NY.GDP.PCAP.CD,Chile,CHL,2487.768297,5052.992458,13433.9203,13649.85205,14879.90862,15659.48087,14495.71672,13114.81547,16206.83255,15405.61658,17067.03648,16709.8894
GDP per capita (current US$),NY.GDP.PCAP.CD,China,CHN,318.5033536,969.1995137,8175.332851,8254.868593,8979.676527,10085.66381,10342.90095,10627.4638,12887.43572,12970.60564,12951.17824,13303.14815
GDP per capita (current US$),NY.GDP.PCAP.CD,Colombia,COL,1474.845529,2555.00751,6248.514905,5959.842504,6479.532313,6816.968183,6472.545449,5339.687114,6222.621644,6680.445069,7000.836605,7919.208868
GDP per capita (current US$),NY.GDP.PCAP.CD,Comoros,COM,903.2043058,633.3090328,1329.370482,1365.484034,1423.924803,1527.405271,1510.232182,1519.346656,1554.972892,1465.479643,1560.273785,1662.756633
GDP per capita (current US$),NY.GDP.PCAP.CD,"Congo, Dem. Rep.",COD,254.8726563,377.9254215,495.826633,459.7650366,431.0525591,518.1696269,504.0041914,486.4255727,595.7430744,687.7385876,660.2120524,649.3833386
GDP per capita (current US$),NY.GDP.PCAP.CD,"Congo, Rep.",COG,1175.667091,1024.301591,2439.351894,2093.107286,2211.633099,2694.434132,2488.424667,1993.586672,2516.162551,2620.838043,2477.978455,2482.248995
GDP per capita (current US$),NY.GDP.PCAP.CD,Costa Rica,CRI,1829.668709,3812.753883,11714.7106,12091.03016,12317.09028,12590.24938,12884.686,12394.0494,12838.11854,13625.90085,16942.02681,18587.15322
GDP per capita (current US$),NY.GDP.PCAP.CD,Cote d'Ivoire,CIV,885.6478422,936.6365413,1814.718551,1862.595971,1964.299303,2130.866194,2141.768362,2179.729348,2455.981276,2333.371283,2591.965905,2727.893522
GDP per capita (current US$),NY.GDP.PCAP.CD,Croatia,HRV,5369.109786,4953.651588,12283.78406,12820.16539,13901.78781,15460.36696,15563.59873,14807.56085,17788.78658,18465.54144,22184.22793,24050.43979
GDP per capita (current US$),NY.GDP.PCAP.CD,Cuba,CUB,2694.31698,2751.381771,7727.919972,8110.558743,8610.608296,8911.46206,9232.261159,9605.279146,..,..,..,..
GDP per capita (current US$),NY.GDP.PCAP.CD,Curacao,CUW,..,15841.26124,19361.81296,18944.09628,18938.2441,19119.12449,19220.68658,16299.81343,17795.58266,20057.14047,21217.81103,22832.8954
GDP per capita (current US$),NY.GDP.PCAP.CD,Cyprus,CYP,9641.575195,14388.35254,23088.44141,24280.05664,26247.44922,29120.375,29227.17383,28130.3418,32937.83984,33231.04297,36623.69141,38674.29297
GDP per capita (current US$),NY.GDP.PCAP.CD,Czechia,CZE,3969.367335,6062.921528,17931.59877,18753.96867,20913.19763,23705.93298,24062.719,23472.89155,27696.46195,28282.22367,31761.59441,31823.30783
GDP per capita (current US$),NY.GDP.PCAP.CD,Denmark,DNK,26885.69942,30722.02518,53094.01336,54500.92604,57521.5515,61324.7665,59404.26632,60985.48856,69340.73349,67781.09409,68043.5467,71026.48323
GDP per capita (current US$),NY.GDP.PCAP.CD,Djibouti,DJI,780.4977194,737.6121836,2376.125547,2510.430008,2618.955211,2718.083388,2837.169023,2844.888106,3025.911264,3133.257798,3381.297797,3552.723351
GDP per capita (current US$),NY.GDP.PCAP.CD,Dominica,DMA,2892.981597,4867.398963,8282.598747,8802.56172,8224.648966,9215.308541,9491.14996,7827.748427,8376.404141,9323.660895,9912.962128,10405.27878
GDP per capita (current US$),NY.GDP.PCAP.CD,Dominican Republic,DOM,989.1639412,2831.458836,6800.953094,7160.44201,7412.715716,7882.982216,8183.016236,7135.222733,8527.075486,10104.24493,10630.43174,10875.66184
GDP per capita (current US$),NY.GDP.PCAP.CD,Ecuador,ECU,1455.007485,1382.234218,5976.159681,5917.637713,6233.322448,6303.918867,6205.057652,5463.645153,6061.323502,6515.585284,6737.847484,6874.70574
GDP per capita (current US$),NY.GDP.PCAP.CD,"Egypt, Arab Rep.",EGY,735.982935,1366.092744,3306.981594,3270.628777,2395.103333,2484.703156,2962.98892,3511.11381,3827.354154,4233.307837,3456.789685,3338.473714
GDP per capita (current US$),NY.GDP.PCAP.CD,El Salvador,SLV,892.1827152,1982.870935,3790.340891,3901.34015,4020.126714,4183.54621,4320.116715,3997.192796,4642.607431,5074.602102,5365.444914,5579.659692
GDP per capita (current US$),NY.GDP.PCAP.CD,Equatorial Guinea,GNQ,236.4021884,1487.316551,9068.910032,7453.197979,7809.104657,8102.470848,6804.149231,5764.055029,6945.630698,7589.299649,6677.793435,6745.400132
GDP per capita (current US$),NY.GDP.PCAP.CD,Eritrea,ERI,..,314.3573968,..,..,..,..,..,..,..,..,..,..
GDP per capita (current US$),NY.GDP.PCAP.CD,Estonia,EST,..,4070.609024,17722.15577,18666.37365,20851.52235,23618.13613,24021.25014,23933.99394,27951.16593,28340.38265,30264.00649,31428.35478
GDP per capita (current US$),NY.GDP.PCAP.CD,Eswatini,SWZ,1277.69173,1629.670388,3419.822766,3238.17612,3853.099566,3972.654506,3913.145775,3466.569363,3984.002292,3894.162009,3755.521112,3909.558924
GDP per capita (current US$),NY.GDP.PCAP.CD,Ethiopia,ETH,262.1089711,122.2692026,597.9121132,641.6515233,696.3484291,739.7020223,793.4732472,829.7909825,893.0098354,982.1031615,1055.810916,1133.882797
GDP per capita (current US$),NY.GDP.PCAP.CD,Faroe Islands,FRO,20125.79407,23322.75934,52637.19035,56875.28038,59387.35309,62526.49085,63068.28727,62243.19056,69415.18533,67058.20226,72465.37697,74119.66076
GDP per capita (current US$),NY.GDP.PCAP.CD,Fiji,FJI,1728.940769,1995.720712,5097.531069,5363.790267,5826.848145,6085.419795,5842.073446,4620.645724,4536.733121,5414.120921,5926.205864,6425.741517
GDP per capita (current US$),NY.GDP.PCAP.CD,Finland,FIN,28366.20428,24335.92251,42560.34568,43451.25624,46085.01747,49654.2497,48358.18078,48828.68469,53099.13514,50440.56022,52834.29168,53149.76719
GDP per capita (current US$),NY.GDP.PCAP.CD,France,FRA,21586.46746,22340.59395,36702.43237,37024.21571,38687.16264,41418.17665,40408.28486,39169.8606,43725.09995,40988.63964,44700.13842,46103.08409
GDP per capita (current US$),NY.GDP.PCAP.CD,French Polynesia,PYF,16293.18233,14978.3241,19166.95948,19690.07757,20826.93125,21925.61604,21582.5892,19966.48385,21426.38544,20053.95694,21832.28318,22439.88387
GDP per capita (current US$),NY.GDP.PCAP.CD,Gabon,GAB,6050.71469,3982.906201,7047.126546,6677.070039,6921.733731,7624.277523,7441.178647,6605.803461,8181.409141,8409.207415,7802.824333,8230.043115
GDP per capita (current US$),NY.GDP.PCAP.CD,"Gambia, The",GMB,300.6398957,538.0540723,619.5363643,650.0565013,642.5226413,696.219807,738.186752,720.3351434,781.8909252,836.2448759,883.0241117,871.3402918
GDP per capita (current US$),NY.GDP.PCAP.CD,Georgia,GEO,1610.980271,749.908535,4086.622347,4143.401257,4418.752065,4804.054604,4741.283272,4300.857013,5083.606955,6729.846599,8283.669607,9241.491223
GDP per capita (current US$),NY.GDP.PCAP.CD,Germany,DEU,22385.67783,23925.85599,41929.75491,42948.93819,45553.93415,48916.16866,47656.19974,47394.87345,52349.246,50506.51796,54776.76682,56103.73232
GDP per capita (current US$),NY.GDP.PCAP.CD,Ghana,GHA,382.5424637,253.7469362,1722.772828,1912.479913,2012.286626,2195.32166,2186.658227,2195.454817,2445.186625,2229.891226,2383.904105,2390.772377
GDP per capita (current US$),NY.GDP.PCAP.CD,Gibraltar,GIB,..,..,..,..,..,..,..,..,..,..,..,..
GDP per capita (current US$),NY.GDP.PCAP.CD,Greece,GRC,9466.662385,11638.20107,17980.72982,17919.24264,18631.99301,19873.40152,19335.3602,17886.73317,20654.7002,20886.52431,23343.7104,24626.14819
GDP per capita (current US$),NY.GDP.PCAP.CD,Greenland,GRL,18326.9295,19009.07744,44536.35497,48181.74535,50765.74947,54545.13586,53309.20359,54812.66618,58135.99399,55635.00065,58498.9708,..
GDP per capita (current US$),NY.GDP.PCAP.CD,Grenada,GRD,2782.183969,4839.828111,8694.12438,9221.234611,9751.426612,10083.02128,10462.79292,8968.558901,9617.289029,10469.3867,11414.47817,11705.0903
GDP per capita (current US$),NY.GDP.PCAP.CD,Guam,GUM,..,..,35165.70146,35930.65949,36779.00789,37195.95031,39274.94314,36482.9364,38074.87937,41833.15171,..,..
GDP per capita (current US$),NY.GDP.PCAP.CD,Guatemala,GTM,847.6885618,1648.96579,3893.505333,4060.137847,4324.997689,4352.945933,4511.998396,4477.61785,4912.622404,5358.70157,5758.327608,6150.025714
GDP per capita (current US$),NY.GDP.PCAP.CD,Guinea,GIN,604.3044227,518.1570669,747.3569668,711.9965098,833.5986217,933.2736156,1031.341465,1053.660977,1244.965505,1416.59612,1555.493758,1694.953759
GDP per capita (current US$),NY.GDP.PCAP.CD,Guinea-Bissau,GNB,651.3376407,316.945495,645.0668372,679.6653866,783.1231866,808.5316132,811.2164259,846.9158557,926.7809211,883.1991315,988.0878864,1007.741517
GDP per capita (current US$),NY.GDP.PCAP.CD,Guyana,GUY,528.8510953,931.7966517,5640.415606,5870.878238,6178.665044,6048.386972,6405.824434,6775.709391,9860.870148,17913.49281,20473.70022,29675.24439
GDP per capita (current US$),NY.GDP.PCAP.CD,Haiti,HTI,451.7202497,820.6000468,1411.126847,1318.402682,1395.239452,1496.38049,1352.172042,1290.325387,1841.331893,1760.626357,1705.758085,2142.623305
GDP per capita (current US$),NY.GDP.PCAP.CD,Honduras,HND,749.8181136,1092.564007,2271.20266,2307.344684,2413.007656,2464.642415,2502.327443,2307.614943,2735.147515,3003.289968,3227.457625,3426.434833
GDP per capita (current US$),NY.GDP.PCAP.CD,"Hong Kong SAR, China",HKG,13485.63145,25756.77287,42432.16197,43734.19807,46160.42979,48537.56689,48359.0012,46109.22999,49770.56424,48825.84419,50562.36331,54074.69285
GDP per capita (current US$),NY.GDP.PCAP.CD,Hungary,HUN,3323.539672,4629.917608,12782.94126,13215.86053,14736.16682,16605.05705,17012.85986,16386.93088,19030.62813,18428.02883,22230.62779,23292.32639
GDP per capita (current US$),NY.GDP.PCAP.CD,Iceland,ISL,26272.24522,32503.57896,53505.69641,62854.09064,72976.373,75633.86514,69296.31444,60127.93936,70425.40643,76350.45504,82138.7893,86040.53099
GDP per capita (current US$),NY.GDP.PCAP.CD,India,IND,371.0859362,442.7502189,1583.998159,1707.508929,1950.104683,1966.254552,2041.428637,1907.042516,2239.613844,2347.448294,2530.120313,2694.737809
GDP per capita (current US$),NY.GDP.PCAP.CD,Indonesia,IDN,578.4201211,763.711125,3288.222697,3521.469435,3798.883262,3860.953531,4106.948562,3853.702888,4287.17314,4730.834848,4876.307745,4925.430488
GDP per capita (current US$),NY.GDP.PCAP.CD,"Iran, Islamic Rep.",IRN,2137.942227,1650.013858,4952.733555,5710.599471,6000.933464,4783.010673,3997.493545,3202.500035,4605.148813,4721.204371,5049.299316,5190.16959
GDP per capita (current US$),NY.GDP.PCAP.CD,Iraq,IRQ,10261.41577,1980.18916,4440.141893,4334.420964,4759.284644,5646.689321,5671.856863,4295.189451,4868.494311,6520.731546,5965.318351,6073.610323
GDP per capita (current US$),NY.GDP.PCAP.CD,Ireland,IRL,14031.30257,26334.56721,64250.13852,64129.55715,72161.40475,80804.11232,81827.66889,86514.07061,103783.4463,105190.686,106818.9171,112894.9532
GDP per capita (current US$),NY.GDP.PCAP.CD,Isle of Man,IMN,11049.89494,21161.39631,84753.51874,82025.94545,83481.30385,89393.82442,87127.5518,79513.53303,94299.96935,88328.54813,..,..
GDP per capita (current US$),NY.GDP.PCAP.CD,Israel,ISR,13308.31106,21706.51941,36213.10415,37671.53891,41138.47096,42362.66528,44250.63136,44575.5719,52270.90402,54949.62156,52003.72007,54176.68444
GDP per capita (current US$),NY.GDP.PCAP.CD,Italy,ITA,20873.78341,20190.00356,30639.88298,31391.56929,32844.11566,34904.10819,33812.78872,32091.48666,36852.54254,35653.90421,39277.08388,40385.3414
GDP per capita (current US$),NY.GDP.PCAP.CD,Jamaica,JAM,1929.598919,3453.092528,5339.307183,5302.295534,5605.435412,5976.903626,6030.688964,5299.045308,5625.678063,6626.475024,7542.400843,7753.800696
GDP per capita (current US$),NY.GDP.PCAP.CD,Japan,JPN,25801.39504,39169.35957,34960.63938,39375.47316,38834.05293,39751.1331,40415.95676,40028.73417,40094.55998,34065.6439,33836.17563,32487.0778
GDP per capita (current US$),NY.GDP.PCAP.CD,Jordan,JOR,1148.590055,1570.610029,4042.756781,3986.71677,4065.616287,4145.439897,4170.1144,4022.040136,4183.499983,4332.251599,4466.083142,4618.095925
GDP per capita (current US$),NY.GDP.PCAP.CD,Kazakhstan,KAZ,1570.008831,1180.044456,10196.12263,7475.566887,8943.084168,9472.485273,9457.126147,8781.507978,9983.601036,11255.33964,12879.42753,14154.6325
GDP per capita (current US$),NY.GDP.PCAP.CD,Kenya,KEN,374.4589929,414.6263651,1489.119598,1554.126103,1667.484472,1836.452755,1960.408089,1927.66459,2061.356221,2109.562885,1942.588028,2132.434521
GDP per capita (current US$),NY.GDP.PCAP.CD,Kiribati,KIR,488.0675279,845.3672402,1639.852747,1742.667993,1853.051227,1912.738094,1750.997719,1751.782492,2222.048195,2069.767173,2177.701258,2288.634714
GDP per capita (current US$),NY.GDP.PCAP.CD,"Korea, Dem. People's Rep.",PRK,..,..,..,..,..,..,..,..,..,..,..,..
GDP per capita (current US$),NY.GDP.PCAP.CD,"Korea, Rep.",KOR,6812.901942,12710.29958,30171.79065,30832.06281,33296.98454,35363.95082,33826.94433,33645.77195,37518.46353,34822.40484,35674.096,36238.63991
GDP per capita (current US$),NY.GDP.PCAP.CD,Kosovo,XKX,..,..,3520.628507,3759.449591,4009.320221,4384.187964,4415.99923,4310.889638,5270.432369,5290.950065,6221.206188,7023.065985
GDP per capita (current US$),NY.GDP.PCAP.CD,Kuwait,KWT,10937.54153,19296.34717,29882.21265,27323.68907,29047.65361,32067.96238,31707.87374,25236.07558,34018.63426,39981.7691,34075.84901,32717.71866
GDP per capita (current US$),NY.GDP.PCAP.CD,Kyrgyz Republic,KGZ,605.798145,279.6217385,1105.651938,1103.274894,1221.390468,1283.520304,1421.999275,1229.517666,1349.997307,1739.720183,2138.222102,2420.185423
GDP per capita (current US$),NY.GDP.PCAP.CD,Lao PDR,LAO,200.7349055,318.7498522,2121.013391,2303.22156,2432.430595,2545.107542,2589.32081,2583.777307,2526.05105,2046.404403,2066.949798,2123.979094
GDP per capita (current US$),NY.GDP.PCAP.CD,Latvia,LVA,..,3278.178964,13321.97531,13838.52668,15132.49583,17252.17104,17294.97516,17564.23215,20261.88878,20221.10369,22710.26375,23409.08452
GDP per capita (current US$),NY.GDP.PCAP.CD,Lebanon,LBN,789.5263385,3986.835139,7714.11,8089.012088,8608.21085,9174.536662,8905.880055,5561.19167,4045.373911,3654.358455,3477.724898,..
GDP per capita (current US$),NY.GDP.PCAP.CD,Lesotho,LSO,329.5637852,442.7795458,1121.198513,992.4918407,1069.366732,1170.655697,1082.057068,918.5825747,1066.586451,1030.125829,916.282977,971.9077182
GDP per capita (current US$),NY.GDP.PCAP.CD,Liberia,LBR,172.8676101,298.4853406,692.5900824,714.6130631,699.2690957,692.2031271,658.1641808,616.787867,667.9661051,744.6171752,799.1944702,851.4977239
GDP per capita (current US$),NY.GDP.PCAP.CD,Libya,LBY,6502.278866,7214.100404,7458.489178,7525.802993,9965.832367,11196.58548,9963.194891,6650.338106,4935.827873,5986.636949,6026.515187,6569.164087
GDP per capita (current US$),NY.GDP.PCAP.CD,Liechtenstein,LIE,49457.56093,76087.91111,167187.1573,165375.4914,170547.0923,174988.7751,166907.8393,164671.0936,201944.8303,188055.0032,206780.5904,..
GDP per capita (current US$),NY.GDP.PCAP.CD,Lithuania,LTU,..,3300.636349,14269.80399,14934.27028,16800.15102,19247.23154,19608.79439,20428.64782,23870.45949,25085.78406,27786.00578,29384.01896
GDP per capita (current US$),NY.GDP.PCAP.CD,Luxembourg,LUX,33465.47821,48659.59888,105462.0126,106899.2935,110193.2138,116926.7596,112696.6491,116860.0282,134965.8154,123719.6589,133230.6192,137781.6817
GDP per capita (current US$),NY.GDP.PCAP.CD,"Macao SAR, China",MAC,9692.435388,15731.40816,69902.96057,68911.67559,77570.98762,83588.2875,81882.69645,36883.66526,44884.89616,36806.89126,67216.36311,72004.7437
GDP per capita (current US$),NY.GDP.PCAP.CD,Madagascar,MDG,326.0992532,280.2829056,445.3200695,453.9707145,491.8668487,500.4571855,499.8188376,450.7716152,483.4694634,503.5145335,508.7184277,544.987501
GDP per capita (current US$),NY.GDP.PCAP.CD,Malawi,MWI,286.730599,224.2241592,539.6053632,450.5061055,495.7696834,533.2025672,580.8891398,602.5074782,617.4469945,604.2697404,633.214768,522.5703936
GDP per capita (current US$),NY.GDP.PCAP.CD,Malaysia,MYS,2468.690803,4083.528745,9648.679794,9476.534098,9862.548066,10901.802,10920.19176,9957.526267,10903.10375,11754.56783,11386.03956,11874.42737
GDP per capita (current US$),NY.GDP.PCAP.CD,Maldives,MDV,956.7630198,2213.812351,9644.90655,9947.807447,10509.62881,11423.28384,11740.2724,7393.888654,10176.14388,11786.01915,12587.6126,13379.35136
GDP per capita (current US$),NY.GDP.PCAP.CD,Mali,MLI,353.9032524,304.6528702,838.1198694,872.4685872,924.0575317,996.3792921,971.9493186,953.2429433,1027.273454,976.9141164,1043.953385,1094.619493
GDP per capita (current US$),NY.GDP.PCAP.CD,Malta,MLT,7192.389947,10348.48589,25529.68133,26459.07709,30317.24432,33382.26775,32421.91798,31823.43639,38096.83607,35638.88695,40905.80596,43898.57818
GDP per capita (current US$),NY.GDP.PCAP.CD,Marshall Islands,MHL,1758.40821,2264.791149,3764.344262,4229.809889,4592.834576,4858.120791,5292.339855,5661.967873,6315.312796,6455.660622,6793.244959,7726.336689
GDP per capita (current US$),NY.GDP.PCAP.CD,Mauritania,MRT,772.0330921,680.9110619,1554.948979,1565.765757,1615.004013,1722.935289,1767.072711,1795.764596,1947.789184,1960.352401,2135.781876,2110.120369
GDP per capita (current US$),NY.GDP.PCAP.CD,Mauritius,MUS,2539.928465,3981.983432,9630.543784,10095.12256,10986.70341,11818.74806,11568.25334,9135.847738,9177.71196,10246.50175,11269.96845,11990.77989
GDP per capita (current US$),NY.GDP.PCAP.CD,Mexico,MEX,3154.469203,7524.027138,10021.23861,9097.923977,9649.278168,10084.79376,10369.55536,8841.27075,10314.05067,11405.79405,13860.95978,14185.78122
GDP per capita (current US$),NY.GDP.PCAP.CD,"Micronesia, Fed. Sts.",FSM,1459.043692,2049.345325,2853.076436,2979.601192,3279.10779,3566.586904,3572.659183,3362.028021,3508.223142,3710.124516,3919.643079,4166.004767
GDP per capita (current US$),NY.GDP.PCAP.CD,Moldova,MDA,1206.502087,440.538684,2749.551371,2847.087948,3453.267277,4156.44982,4405.334182,4375.778893,5274.605822,5744.296184,6799.585946,7576.195894
GDP per capita (current US$),NY.GDP.PCAP.CD,Monaco,MCO,81734.8665,81789.02065,170437.1012,173604.7536,170663.3752,188298.3157,193746.7856,176891.8865,223823.364,226052.0019,256799.7886,288001.4334
GDP per capita (current US$),NY.GDP.PCAP.CD,Mongolia,MNG,1220.171277,476.0275508,3838.92127,3619.900264,3645.967087,4107.642885,4347.546103,4001.251931,4517.61578,4993.514875,5838.631081,6750.630116
GDP per capita (current US$),NY.GDP.PCAP.CD,Montenegro,MNE,..,1627.065119,6421.003073,6968.015394,7674.281394,8673.591281,8749.023752,7538.53636,9317.155201,10024.54356,12259.8775,13263.32813
GDP per capita (current US$),NY.GDP.PCAP.CD,Morocco,MAR,1229.071045,1499.107422,3146.247803,3140.855469,3296.526611,3501.697998,3508.097656,3268.030273,3785.936279,3463.137695,3813.726074,4153.194336
GDP per capita (current US$),NY.GDP.PCAP.CD,Mozambique,MOZ,..,327.1262398,610.5637747,441.4897348,470.9385631,517.5072603,519.0925509,462.4338765,509.9078295,578.2516638,622.0002977,656.7768246
GDP per capita (current US$),NY.GDP.PCAP.CD,Myanmar,MMR,53.12254011,196.6195806,1166.733055,1229.197135,1272.822418,1298.213103,1425.989542,1490.216836,1242.721344,1158.050051,1233.196662,1359.050016
GDP per capita (current US$),NY.GDP.PCAP.CD,Namibia,NAM,2037.475894,2156.675905,4774.106509,4395.687762,5143.960723,5308.608134,4731.921032,3878.58983,4412.835569,4349.799085,4187.605004,4413.127522
GDP per capita (current US$),NY.GDP.PCAP.CD,Nauru,NRU,5775.553474,2648.601529,7747.25585,8748.156326,9656.979766,11413.7463,10801.77057,10709.06881,14979.0999,12911.90864,12752.47239,13609.15884
GDP per capita (current US$),NY.GDP.PCAP.CD,Nepal,NPL,185.7946004,223.8302892,875.5436355,877.2564547,1034.283749,1179.198432,1203.142947,1154.215176,1252.750767,1385.910663,1382.330558,1447.310045
GDP per capita (current US$),NY.GDP.PCAP.CD,Netherlands,NLD,21322.19448,26225.16977,45793.81354,46808.52915,49513.68173,53955.077,53554.90075,53467.92774,60141.98809,59123.31856,63515.60308,67520.4219
GDP per capita (current US$),NY.GDP.PCAP.CD,New Caledonia,NCL,14334.68074,15329.72972,30858.72371,30782.85444,32354.71028,34902.89688,33411.33588,33270.3306,35311.55436,33516.36309,33701.89233,29213.19232
GDP per capita (current US$),NY.GDP.PCAP.CD,New Zealand,NZL,13663.02162,13641.10272,38665.3723,40113.71954,42950.38417,43257.07692,42855.83186,41997.78303,49950.42517,49099.70904,49075.95628,49205.17921
GDP per capita (current US$),NY.GDP.PCAP.CD,Nicaragua,NIC,242.5083906,1017.312443,2074.456206,2131.687048,2182.61381,2035.165494,1958.620515,1938.447048,2138.385885,2322.89054,2609.444921,2847.539663
GDP per capita (current US$),NY.GDP.PCAP.CD,Niger,NER,423.8874606,194.7719599,485.6625742,502.7064754,521.80413,578.5680357,561.6913043,579.5124958,608.7224396,609.7451476,638.3360809,735.2702558
GDP per capita (current US$),NY.GDP.PCAP.CD,Nigeria,NGA,556.3764491,547.3182989,2585.733607,2070.412734,1876.340271,2057.879446,3189.812865,2797.184581,2787.487792,2899.160475,2138.763837,1084.160418
GDP per capita (current US$),NY.GDP.PCAP.CD,North Macedonia,MKD,2277.303723,1861.898998,5262.686719,5598.486226,5955.297386,6713.989254,6718.858266,6659.596511,7620.80297,7606.237525,8674.358463,9291.856617
GDP per capita (current US$),NY.GDP.PCAP.CD,Northern Mariana Islands,MNP,..,..,17665.10075,24225.47417,31225.605,26509.36284,24496.66521,18220.83824,19455.50139,23785.75459,..,..
GDP per capita (current US$),NY.GDP.PCAP.CD,Norway,NOR,28242.9814,38178.23688,74809.9658,70867.361,76131.8384,82792.84271,76430.58895,68340.0181,93072.89251,109269.5206,87497.21796,86785.43345
GDP per capita (current US$),NY.GDP.PCAP.CD,Oman,OMN,7545.703052,9753.847552,18808.30779,17110.18975,17820.06618,19901.76156,19180.18642,16784.86306,19403.46002,23223.58294,21027.73848,20285.22729
GDP per capita (current US$),NY.GDP.PCAP.CD,Pakistan,PAK,344.4554738,642.3383465,1380.470208,1424.691612,1519.234595,1569.338146,1390.41691,1278.397352,1455.319224,1538.322813,1360.324178,1478.77278
GDP per capita (current US$),NY.GDP.PCAP.CD,Palau,PLW,6402.929615,7798.075042,16154.05322,17150.47594,16401.78476,16166.96711,15846.79685,14708.21195,13009.24816,13729.76028,15610.82319,..
GDP per capita (current US$),NY.GDP.PCAP.CD,Panama,PAN,2620.138273,3975.093103,14082.65484,14832.36117,15694.62975,16151.32734,16477.90663,13290.56084,15509.80691,17378.607,18797.1934,19161.21885
GDP per capita (current US$),NY.GDP.PCAP.CD,Papua New Guinea,PNG,826.3171521,635.957919,2484.59634,2316.394798,2477.76531,2566.368337,2575.772741,2429.611346,2607.578619,3102.289686,2966.068304,3006.705645
GDP per capita (current US$),NY.GDP.PCAP.CD,Paraguay,PRY,1440.158296,1736.117292,5879.337923,5775.159634,6152.267115,6258.449916,5821.181995,5365.472207,5976.931798,6205.625954,6299.990265,6416.09709
GDP per capita (current US$),NY.GDP.PCAP.CD,Peru,PER,1199.666668,1945.413385,6231.711503,6217.036,6736.166937,6978.491215,7037.008037,6133.325524,6826.202556,7350.630343,7887.541859,8452.371671
GDP per capita (current US$),NY.GDP.PCAP.CD,Philippines,PHL,803.5725883,1050.792731,2909.85818,2985.19564,3038.12125,3168.510366,3400.789498,3227.579102,3484.385939,3548.069306,3804.082741,3984.831539
GDP per capita (current US$),NY.GDP.PCAP.CD,Poland,POL,1731.209509,4520.641004,12637.52203,12464.01105,13913.34029,15658.21203,15874.52205,16150.93048,18635.51049,18891.21212,22145.26606,25103.56566
GDP per capita (current US$),NY.GDP.PCAP.CD,Portugal,PRT,7884.617988,11526.37207,19215.7813,19980.28089,21442.38428,23541.14011,23343.3629,22299.40441,24711.45101,24620.51976,27634.61831,29292.2421
GDP per capita (current US$),NY.GDP.PCAP.CD,Puerto Rico (US),PRI,8652.507492,16192.12697,29242.04147,29978.08893,30328.47949,30679.91819,31830.5285,31427.11308,32619.07046,35353.68216,36980.78848,39343.71547
GDP per capita (current US$),NY.GDP.PCAP.CD,Qatar,QAT,16721.62077,27535.18294,68985.24334,61253.6218,63279.87675,71039.93082,66841.36232,51683.56811,71751.93634,88701.46898,81816.9798,76688.69417
GDP per capita (current US$),NY.GDP.PCAP.CD,Romania,ROU,1648.48523,1659.929049,8977.017482,9404.540059,10727.9822,12416.13432,12909.6104,13009.17706,14907.98037,15503.5518,18244.41869,20080.20962
GDP per capita (current US$),NY.GDP.PCAP.CD,Russian Federation,RUS,3494.063232,1771.594116,9277.713867,8663.158203,10658.91309,11211.8877,11447.70117,10108.32715,12425.0293,15619.61426,14159.3877,14889.01855
GDP per capita (current US$),NY.GDP.PCAP.CD,Rwanda,RWA,345.7734951,251.8692639,733.9986299,729.5191338,758.3009665,771.7735112,810.0514121,778.7014989,829.5448453,975.4693237,1027.034468,999.6545617
GDP per capita (current US$),NY.GDP.PCAP.CD,Samoa,WSM,743.994213,1424.7524,4084.360838,4147.070977,4307.59382,4231.814095,4351.942349,4099.596605,4021.559349,4132.447177,4822.740847,5392.877619
GDP per capita (current US$),NY.GDP.PCAP.CD,San Marino,SMR,..,37600.70774,43146.82404,44359.47977,45192.02798,47950.68806,46630.14431,44326.95567,54176.4798,54190.84177,59879.7173,..
GDP per capita (current US$),NY.GDP.PCAP.CD,Sao Tome and Principe,STP,970.0596256,529.0893834,1298.109466,1434.870181,1555.794778,1825.599718,1935.293182,2167.220018,2362.588272,2389.737298,2990.660614,3490.568835
GDP per capita (current US$),NY.GDP.PCAP.CD,Saudi Arabia,SAU,11054.7495,11714.56237,23256.15496,22267.72171,23929.29071,29360.0659,29566.79338,24338.83073,31920.76537,38510.22762,36156.84834,35121.66287
GDP per capita (current US$),NY.GDP.PCAP.CD,Senegal,SEN,957.3143374,603.2331625,1218.006136,1266.439572,1356.805184,1452.556126,1431.181289,1461.087204,1598.10677,1574.028106,1698.033873,1773.218299
GDP per capita (current US$),NY.GDP.PCAP.CD,Serbia,SRB,..,974.7254693,5820.321558,5982.370301,6548.036538,7559.861657,7755.632986,8098.709557,9680.527981,10024.81911,12281.70795,13679.2066
GDP per capita (current US$),NY.GDP.PCAP.CD,Seychelles,SYC,5642.072897,8063.655006,15333.10517,16566.9946,17480.36519,18440.23405,19141.51187,14041.47541,14982.91115,16836.67219,18262.71158,17858.82264
GDP per capita (current US$),NY.GDP.PCAP.CD,Sierra Leone,SLE,154.7940725,143.7437432,964.5759809,844.4164112,779.1860078,845.9145405,843.7125178,845.2775579,885.3964019,860.3710679,758.3291374,806.6546504
GDP per capita (current US$),NY.GDP.PCAP.CD,Singapore,SGP,11861.75616,23852.83895,55645.60686,57005.58872,61236.25127,66881.6067,65952.0379,61410.07926,80056.12882,90299.06946,85412.23035,90674.06663
GDP per capita (current US$),NY.GDP.PCAP.CD,Sint Maarten (Dutch part),SXM,..,..,37839.62838,37308.61478,34701.30585,31708.31101,34861.46953,30150.89984,32548.43669,37793.12844,39451.82234,41472.58745
GDP per capita (current US$),NY.GDP.PCAP.CD,Slovak Republic,SVK,2437.17517,5421.644844,16442.07609,16636.07691,17645.52987,19573.3717,19406.05897,19735.48583,22123.33421,21317.7944,24614.87346,25992.67485
GDP per capita (current US$),NY.GDP.PCAP.CD,Slovenia,SVN,9925.14071,10135.72191,20697.27485,21447.83778,23303.07771,25888.04811,25814.16872,25392.06511,29192.84019,28360.30415,32660.47536,34301.03187
GDP per capita (current US$),NY.GDP.PCAP.CD,Solomon Islands,SLB,648.3252126,953.1719014,2045.477215,2082.623831,2143.576705,2278.199086,2223.658909,2063.32781,2043.444132,1877.781045,1882.643941,1933.555384
GDP per capita (current US$),NY.GDP.PCAP.CD,"Somalia, Fed. Rep.",SOM,145.6035014,386.1192744,445.5830801,460.9284906,510.9399523,509.4972738,539.9548162,518.1611333,549.0569948,573.1411658,596.8859851,629.5388994
GDP per capita (current US$),NY.GDP.PCAP.CD,South Africa,ZAF,3093.489204,3217.846934,6112.273825,5651.205852,6618.335083,6914.178032,6533.71121,5580.603831,6828.756246,6534.248678,6034.27209,6267.186814
GDP per capita (current US$),NY.GDP.PCAP.CD,South Sudan,SSD,..,..,1080.147186,..,..,..,..,..,..,..,..,..
GDP per capita (current US$),NY.GDP.PCAP.CD,Spain,ESP,13795.01594,14743.2671,25982.44162,26755.60611,28381.34256,30602.42129,29786.52457,27233.94265,30799.47759,30319.49872,33493.22254,35326.76831
GDP per capita (current US$),NY.GDP.PCAP.CD,Sri Lanka,LKA,491.2136862,860.1998843,4057.715835,4149.191908,4398.888281,4358.560959,4081.947727,3847.601377,3996.9624,3342.636503,3798.890166,4515.567873
GDP per capita (current US$),NY.GDP.PCAP.CD,St. Kitts and Nevis,KNA,5373.44824,9319.655451,20328.80035,21387.54155,22464.98996,22901.38164,23595.49232,18859.01904,18361.14497,21011.57442,22576.92484,23960.65344
GDP per capita (current US$),NY.GDP.PCAP.CD,St. Lucia,LCA,4204.571619,5879.561914,10334.98608,10638.12694,11333.11238,11642.69847,11794.05972,8411.074749,10459.13212,13103.82431,13554.76848,14181.63034
GDP per capita (current US$),NY.GDP.PCAP.CD,St. Martin (French part),MAF,..,..,..,..,..,..,19033.06496,..,21668.37765,..,..,..
GDP per capita (current US$),NY.GDP.PCAP.CD,St. Vincent and the Grenadines,VCT,2149.739444,3768.955366,7353.735561,7656.900429,7988.04445,8428.126772,8740.594252,8351.20324,8641.27904,9693.558678,10582.36567,11501.22652
GDP per capita (current US$),NY.GDP.PCAP.CD,Sudan,SDN,1257.1875,362.1168823,1292.379639,1033.215942,966.5056763,731.0274658,709.9752808,577.7952271,712.1220093,1046.240845,797.2834473,984.607666
GDP per capita (current US$),NY.GDP.PCAP.CD,Suriname,SUR,941.5917361,1988.221729,8813.617054,5644.206106,6049.521286,6665.741805,6629.667752,4755.392217,5029.848385,6084.438767,5521.976021,6961.78956
GDP per capita (current US$),NY.GDP.PCAP.CD,Sweden,SWE,30549.31857,29632.58908,51188.16521,51703.50883,53210.22333,54018.45544,51648.98928,52568.5727,60647.54164,54836.89072,54950.28347,57117.48774
GDP per capita (current US$),NY.GDP.PCAP.CD,Switzerland,CHE,39574.53981,38865.02194,83806.4476,82153.07454,82254.37693,85217.36915,84121.93103,85897.78433,93664.77367,94394.51068,100623.5496,103998.1867
GDP per capita (current US$),NY.GDP.PCAP.CD,Syrian Arab Republic,SYR,978.489617,1138.188485,847.7316319,656.3490586,851.5020053,1098.066864,1109.53926,572.3552898,663.6142457,1051.671496,847.3727234,..
GDP per capita (current US$),NY.GDP.PCAP.CD,Tajikistan,TJK,487.0361287,136.9257164,956.9163109,788.7104817,829.4571476,834.2884046,871.0223729,834.3117155,896.7480534,1052.179495,1178.479901,1341.20229
GDP per capita (current US$),NY.GDP.PCAP.CD,Tanzania,TZA,243.611557,401.6981506,939.1273193,953.0107422,986.6740112,1023.106262,1063.32251,1117.415283,1159.856567,1207.52063,1224.002197,1186.716919
GDP per capita (current US$),NY.GDP.PCAP.CD,Thailand,THA,1559.112093,2005.976945,5688.853354,5833.577156,6413.091825,7099.776501,7605.696578,6985.643939,7057.207548,6909.352818,7195.101309,7346.620221
GDP per capita (current US$),NY.GDP.PCAP.CD,Timor-Leste,TLS,168.6210102,492.4576379,1319.59295,1335.543911,1266.177711,1219.465997,1562.364581,1630.869385,2684.926768,2343.249547,1502.411474,1331.970513
GDP per capita (current US$),NY.GDP.PCAP.CD,Togo,TGO,575.0945119,409.8898028,751.0519876,772.5813576,792.765701,851.1205612,826.255209,863.4686659,962.0751875,951.2323787,1055.017279,1119.381605
GDP per capita (current US$),NY.GDP.PCAP.CD,Tonga,TON,1139.055382,1995.076675,4123.90324,3987.986262,4365.929328,4675.047913,4788.833423,4792.358547,4922.801714,5298.019415,5651.593731,..
GDP per capita (current US$),NY.GDP.PCAP.CD,Trinidad and Tobago,TTO,4047.250936,6178.589756,19887.23277,17449.15388,17566.09997,17571.49874,17212.61289,15283.62705,17712.56741,20750.52024,18308.45363,18733.41104
GDP per capita (current US$),NY.GDP.PCAP.CD,Tunisia,TUN,1476.431605,2199.044659,4014.947737,3847.803544,3619.032473,3628.103665,3528.872133,3548.653637,3906.939263,3707.292834,3951.116834,4181.137893
GDP per capita (current US$),NY.GDP.PCAP.CD,Turkiye,TUR,2689.526219,4199.379864,11064.64945,10984.36432,10756.38777,9684.118199,9395.23378,8798.117917,9981.763984,10897.83979,13375.09473,15892.71573
GDP per capita (current US$),NY.GDP.PCAP.CD,Turkmenistan,TKM,848.1550474,633.8354876,5759.497904,5686.98041,5828.481662,6125.051697,5998.001743,5972.723566,5723.302272,5837.842245,6231.913238,6856.658027
GDP per capita (current US$),NY.GDP.PCAP.CD,Turks and Caicos Islands,TCA,..,..,29457.01407,31373.56127,30014.23095,31625.61659,31780.52171,20690.91605,27329.28851,31280.5418,35470.21516,37506.77984
GDP per capita (current US$),NY.GDP.PCAP.CD,Tuvalu,TUV,1084.667072,1579.419063,3357.834177,3808.69755,4165.663387,4466.120349,5115.13076,4976.112541,5905.081981,5911.327271,6344.775019,..
GDP per capita (current US$),NY.GDP.PCAP.CD,Uganda,UGA,244.9871681,258.0503387,862.9346104,752.6965717,765.2183323,792.1657002,822.17115,845.7664639,882.7917175,963.0673141,1002.309139,1077.912785
GDP per capita (current US$),NY.GDP.PCAP.CD,Ukraine,UKR,1563.634155,653.2943115,2094.473877,2158.461182,2604.287598,3059.051758,3619.861572,3709.769287,4775.945801,4199.670898,5139.598145,5389.473145
GDP per capita (current US$),NY.GDP.PCAP.CD,United Arab Emirates,ARE,26709.99344,29865.50235,44910.335,42721.09994,43733.61923,47135.35919,45938.60736,37991.7493,44118.50472,50759.75892,49850.68722,50273.50605
GDP per capita (current US$),NY.GDP.PCAP.CD,United Kingdom,GBR,19095.467,28383.87611,45255.34492,41257.90855,40916.81151,43702.99763,43158.74113,40812.67947,47691.37688,47057.04323,49944.47021,53246.36761
GDP per capita (current US$),NY.GDP.PCAP.CD,United States,USA,23888.60001,36329.95607,56572.9189,57638.10184,59635.09844,62499.87444,64746.45068,63515.94918,70205.05092,76657.24888,81032.26212,84534.04078
GDP per capita (current US$),NY.GDP.PCAP.CD,Uruguay,URY,2995.361057,6987.700988,17125.90168,17009.75842,19184.65026,19249.94047,18315.7317,15757.5356,17881.81872,20818.61461,23019.42216,23906.5133
GDP per capita (current US$),NY.GDP.PCAP.CD,Uzbekistan,UZB,652.9376529,555.1492311,2803.19018,2753.379514,2190.604116,1813.085308,2041.384807,1978.280519,2258.519641,2578.666894,2878.968793,3161.700106
GDP per capita (current US$),NY.GDP.PCAP.CD,Vanuatu,VUT,1140.590203,1460.238177,2854.894123,2956.126448,3159.860558,3206.657487,3207.446505,3042.987116,3107.203129,3370.21192,3482.614582,3410.770232
GDP per capita (current US$),NY.GDP.PCAP.CD,"Venezuela, RB",VEN,2451.552311,4776.281676,4103.138499,3670.157378,3791.331607,3422.65467,2523.112752,1506.043621,2004.933979,3155.042071,3617.435946,4217.591026
GDP per capita (current US$),NY.GDP.PCAP.CD,Viet Nam,VNM,98.79833703,404.0297841,2577.568853,2735.060438,2956.109921,3222.310031,3440.900254,3534.039535,3704.193559,4147.697772,4323.35032,4717.290287
GDP per capita (current US$),NY.GDP.PCAP.CD,Virgin Islands (U.S.),VIR,..,..,34007.35294,35324.97489,35365.0693,36663.20876,38633.52989,39787.37417,42571.07774,44320.90919,..,..
GDP per capita (current US$),NY.GDP.PCAP.CD,West Bank and Gaza,PSE,..,1476.17185,3272.154324,3527.613824,3620.360487,3562.330943,3656.858271,3233.568638,3678.635657,3799.95527,3455.028529,2592.305912
GDP per capita (current US$),NY.GDP.PCAP.CD,"Yemen, Rep.",YEM,910.422466,493.2351826,1362.173812,975.359417,811.1659704,633.8872025,..,..,..,..,..,..
GDP per capita (current US$),NY.GDP.PCAP.CD,Zambia,ZMB,422.3362988,359.429501,1295.877887,1239.085279,1483.465773,1463.899979,1258.986198,951.6443167,1127.160779,1447.123101,1330.727806,1187.109434
GDP per capita (current US$),NY.GDP.PCAP.CD,Zimbabwe,ZWE,866.9288684,562.8337575,1387.126326,1408.139453,3445.44941,2270.895319,2184.329239,2059.674454,2613.605421,2536.400502,2195.224921,2497.203322
GDP per capita (current US$),NY.GDP.PCAP.CD,Africa Eastern and Southern,AFE,822.4029989,706.727261,1498.87524,1334.4705,1528.104224,1552.073722,1507.0856,1351.591669,1562.416175,1679.327622,1571.449189,1615.396356
GDP per capita (current US$),NY.GDP.PCAP.CD,Africa Western and Central,AFW,593.0246672,518.9692261,1860.727686,1630.039439,1574.230564,1720.140092,2216.385055,2030.861659,2112.794076,2138.473153,1841.855064,1411.337029
GDP per capita (current US$),NY.GDP.PCAP.CD,Arab World,ARB,2875.130836,2664.125201,6290.558795,6042.196754,6096.72395,6699.180582,6674.342244,5739.412836,6697.414985,7950.35582,7513.899079,7583.811701
GDP per capita (current US$),NY.GDP.PCAP.CD,Caribbean small states,CSS,3713.695348,6477.264821,14497.53932,13376.80578,13671.13776,13896.7409,13995.85484,11957.22322,13995.26949,17456.30848,17596.54042,19903.81123
GDP per capita (current US$),NY.GDP.PCAP.CD,Central Europe and the Baltics,CEB,2457.174549,3959.624949,12596.88625,12874.69996,14339.82431,16227.24847,16534.92649,16581.35261,19223.9274,19530.15532,22690.37362,24604.80686
GDP per capita (current US$),NY.GDP.PCAP.CD,Early-demographic dividend,EAR,936.9898796,1346.23954,3174.36962,3223.980545,3457.649432,3463.508823,3483.315455,3187.037812,3698.983632,4043.827763,4252.597334,4450.187119
GDP per capita (current US$),NY.GDP.PCAP.CD,East Asia & Pacific,EAS,2642.457662,4103.336281,9691.705761,9965.004001,10566.28282,11438.85846,11622.89153,11639.48534,13336.48417,13139.21098,13176.17861,13405.73567
GDP per capita (current US$),NY.GDP.PCAP.CD,East Asia & Pacific (excluding high income),EAP,416.9387823,961.3014224,6589.770764,6683.183867,7241.925339,8045.946305,8286.398118,8391.276346,9974.578297,10106.9936,10125.90952,10396.79574
GDP per capita (current US$),NY.GDP.PCAP.CD,East Asia & Pacific (IDA & IBRD countries),TEA,422.0714101,972.8331739,6664.488346,6758.743657,7323.513648,8136.370419,8379.365033,8485.328552,10086.41761,10220.47744,10239.81622,10513.95293
GDP per capita (current US$),NY.GDP.PCAP.CD,Euro area,EMU,18683.51162,20039.40027,34471.17471,35228.48545,37243.5651,40107.53629,39220.51367,38236.5543,42984.56974,41608.71233,45330.1093,46945.41882
GDP per capita (current US$),NY.GDP.PCAP.CD,Europe & Central Asia,ECS,10494.47469,11652.92903,22702.82284,22519.64089,23814.1197,25408.63798,25020.86483,24167.35512,27664.89141,27913.58823,29988.90229,31555.52079
GDP per capita (current US$),NY.GDP.PCAP.CD,Europe & Central Asia (excluding high income),ECA,1700.935811,1790.770721,6291.455947,5986.897231,6138.120639,5996.287759,6069.274073,5776.193438,6673.97429,7266.022432,8617.04841,9793.692058
GDP per capita (current US$),NY.GDP.PCAP.CD,Europe & Central Asia (IDA & IBRD countries),TEC,2374.404081,2044.350746,8009.61875,7659.549244,8575.461292,8911.87743,9058.741771,8478.350387,10014.51088,11421.13644,12129.86412,13337.4387
GDP per capita (current US$),NY.GDP.PCAP.CD,European Union,EUU,15470.41169,16976.04527,30771.65686,31456.89713,33394.5888,36054.95323,35374.14037,34694.70359,39206.97918,38066.88449,41566.57411,43304.96426
GDP per capita (current US$),NY.GDP.PCAP.CD,Fragile and conflict affected situations,FCS,1121.801328,751.801263,1663.162001,1491.080803,1549.609529,1634.929659,1861.653305,1618.479804,1711.401289,1850.917431,1682.750588,1527.958095
GDP per capita (current US$),NY.GDP.PCAP.CD,Heavily indebted poor countries (HIPC),HPC,457.4686923,377.4593859,917.2961092,894.7087647,943.1328323,985.4782107,983.9000622,962.5902265,1061.41415,1121.483873,1155.904453,1216.375085
GDP per capita (current US$),NY.GDP.PCAP.CD,High income,HIC,16573.14485,22374.32548,36586.43469,37057.80965,38776.56159,41094.85609,41342.20661,40108.23486,45081.66483,46553.11502,48608.19477,50302.60521
GDP per capita (current US$),NY.GDP.PCAP.CD,IBRD only,IBD,1055.098104,1477.692578,5546.047753,5534.819533,6053.309218,6394.194843,6476.072598,6191.510884,7314.528364,7699.232588,7925.399241,8219.912657
GDP per capita (current US$),NY.GDP.PCAP.CD,IDA & IBRD total,IBT,929.0942509,1251.807985,4474.435253,4447.417391,4831.93006,5085.502175,5167.895238,4923.572184,5754.246751,6036.813744,6149.505546,6327.143997
GDP per capita (current US$),NY.GDP.PCAP.CD,IDA blend,IDB,529.4185164,619.821306,1947.852468,1790.537878,1804.505594,1869.382044,2205.873619,2008.896327,2142.311727,2234.836162,1915.313284,1650.637881
GDP per capita (current US$),NY.GDP.PCAP.CD,IDA only,IDX,384.071675,372.859416,1023.438947,1054.100111,1110.744251,1159.061343,1186.405597,1170.980515,1256.192964,1332.317302,1333.20972,1398.111813
GDP per capita (current US$),NY.GDP.PCAP.CD,IDA total,IDA,432.6105645,458.2989388,1350.307581,1314.081774,1355.235055,1408.950168,1544.278901,1464.522614,1566.137099,1647.527325,1536.087192,1485.922274
GDP per capita (current US$),NY.GDP.PCAP.CD,Late-demographic dividend,LTE,1068.509867,1677.206553,8331.632708,8297.336108,9138.441345,9966.811609,10120.31252,9873.935199,11759.7975,12286.08468,12437.98617,12874.16791
GDP per capita (current US$),NY.GDP.PCAP.CD,Latin America & Caribbean,LCN,2511.443041,4472.584046,8547.237339,8241.451409,9065.548178,8778.379063,8539.397761,7168.647406,8291.071563,9408.848202,10508.64725,10737.64635
GDP per capita (current US$),NY.GDP.PCAP.CD,Latin America & Caribbean (excluding high income),LAC,2437.122363,4290.895429,8308.739117,7977.197271,8827.850105,8484.483352,8282.782909,6904.276774,7970.616443,9111.349271,10196.27109,10382.39111
GDP per capita (current US$),NY.GDP.PCAP.CD,Latin America & the Caribbean (IDA & IBRD countries),TLA,2439.303132,4388.92611,8404.377472,8082.023306,8918.302513,8620.468902,8362.634298,6964.37111,8075.788167,9174.556905,10260.51969,10474.28099
GDP per capita (current US$),NY.GDP.PCAP.CD,Least developed countries: UN classification,LDC,370.7501244,333.3638861,982.8948106,966.7217829,1035.194288,1080.56178,1105.246934,1088.721613,1175.557183,1299.361724,1257.698067,1293.401003
GDP per capita (current US$),NY.GDP.PCAP.CD,Low & middle income,LMY,805.8767856,1178.010965,4284.856863,4274.931424,4615.000484,4853.745077,4943.248799,4732.827278,5524.243989,5741.783819,5856.294952,6002.451208
GDP per capita (current US$),NY.GDP.PCAP.CD,Low income,LIC,489.3545548,361.8777538,740.8895039,633.7929546,634.7107887,645.8460671,645.9982497,605.4379068,651.8126376,734.2041176,714.1517642,751.322764
GDP per capita (current US$),NY.GDP.PCAP.CD,Lower middle income,LMC,432.4745458,559.0728166,1848.280293,1895.243995,2026.193041,2085.045254,2228.848059,2121.614217,2369.957765,2493.614874,2493.389853,2544.492455
GDP per capita (current US$),NY.GDP.PCAP.CD,"Middle East, North Africa, Afghanistan & Pakistan",MEA,2183.541705,2220.384393,5125.680641,5126.053316,5279.479512,5545.888996,5412.428757,4742.764026,5615.911861,6430.535535,6149.061199,6265.444452
GDP per capita (current US$),NY.GDP.PCAP.CD,"Middle East, North Africa, Afghanistan & Pakistan (excluding high income)",MNA,1555.058275,1247.472381,2802.63135,2863.140578,2859.855602,2809.308942,2695.633423,2408.497313,2753.47858,3015.755797,2873.039293,2971.054627
GDP per capita (current US$),NY.GDP.PCAP.CD,"Middle East, North Africa, Afghanistan & Pakistan (IDA & IBRD)",TMN,1551.331825,1246.019751,2799.454418,2858.616891,2854.661926,2804.126331,2688.96933,2402.73481,2746.968099,3010.196567,2868.886265,2973.774962
GDP per capita (current US$),NY.GDP.PCAP.CD,Middle income,MIC,828.1784214,1237.102255,4602.516827,4605.606394,4982.005756,5248.397371,5353.797758,5134.620079,6007.323087,6248.00962,6386.302464,6554.370549
GDP per capita (current US$),NY.GDP.PCAP.CD,North America,NAC,23653.50201,35151.36139,55285.56869,56112.22537,58184.85716,60890.56893,62874.61171,61468.33722,68424.56003,74535.63654,78190.06407,81275.84368
GDP per capita (current US$),NY.GDP.PCAP.CD,Not classified,INX,..,..,..,..,..,..,..,..,..,..,..,..
GDP per capita (current US$),NY.GDP.PCAP.CD,OECD members,OED,17019.81382,23049.63294,35779.91233,36229.34908,37605.27062,39552.69567,39708.88646,38597.24642,43027.74943,43950.17371,46580.44488,48322.16442
GDP per capita (current US$),NY.GDP.PCAP.CD,Other small states,OSS,3570.55789,4847.450333,10359.11825,10813.3827,11950.97406,13025.99083,12907.61626,11770.45641,13717.08949,14320.77068,15334.10465,16094.12662
GDP per capita (current US$),NY.GDP.PCAP.CD,Pacific island small states,PSS,1343.2772,1686.605704,3722.774557,3856.704591,4099.799659,4247.090128,4136.341409,3592.041105,3600.812544,3896.810608,4173.799647,4453.585613
GDP per capita (current US$),NY.GDP.PCAP.CD,Post-demographic dividend,PST,19133.98383,25890.89864,40775.94794,41502.22229,43114.26885,45535.80188,45840.35361,44743.73893,49855.22694,50969.80164,53813.74183,55644.31479
GDP per capita (current US$),NY.GDP.PCAP.CD,Pre-demographic dividend,PRE,939.8055333,503.5626413,1524.986087,1316.745672,1338.960119,1449.855621,1681.190658,1496.337675,1594.142298,1770.15579,1558.343447,1366.065773
GDP per capita (current US$),NY.GDP.PCAP.CD,Small states,SST,3333.507574,4846.982126,10446.85034,10486.21611,11304.50508,12057.78858,11990.4671,10723.0939,12428.60877,13636.46612,14346.32028,15383.34256
GDP per capita (current US$),NY.GDP.PCAP.CD,South Asia,SAS,359.9539731,440.4679189,1570.541425,1722.907034,1956.067076,1988.366333,2067.059757,1957.203437,2273.720558,2385.083419,2532.38989,2690.078837
GDP per capita (current US$),NY.GDP.PCAP.CD,South Asia (IDA & IBRD),TSA,359.9539731,440.4679189,1570.541425,1722.907034,1956.067076,1988.366333,2067.059757,1957.203437,2273.720558,2385.083419,2532.38989,2690.078837
GDP per capita (current US$),NY.GDP.PCAP.CD,Sub-Saharan Africa,SSF,728.5275894,629.5297316,1646.449411,1455.035253,1546.917742,1620.541408,1795.561279,1627.345696,1785.466649,1865.116353,1680.779667,1532.927636
GDP per capita (current US$),NY.GDP.PCAP.CD,Sub-Saharan Africa (excluding high income),SSA,774.5809666,684.279234,1763.27463,1545.279483,1641.3924,1718.423461,1907.224994,1716.508639,1885.48156,1963.8033,1750.131368,1576.691669
GDP per capita (current US$),NY.GDP.PCAP.CD,Sub-Saharan Africa (IDA & IBRD countries),TSS,728.5275894,629.5297316,1646.449411,1455.035253,1546.917742,1620.541408,1795.561279,1627.345696,1785.466649,1865.116353,1680.779667,1532.927636
GDP per capita (current US$),NY.GDP.PCAP.CD,Upper middle income,UMC,1151.788737,1846.752934,7435.764865,7413.222375,8064.205836,8569.236756,8657.732345,8346.187277,9918.699477,10324.51931,10657.96861,10996.1017
GDP per capita (current US$),NY.GDP.PCAP.CD,World,WLD,4325.662143,5501.264218,10161.94458,10204.92878,10747.76431,11309.38308,11376.08181,10937.68462,12390.66867,12798.16585,13236.7164,13631.20431
,,,,,,,,,,,,,,,
,,,,,,,,,,,,,,,
,,,,,,,,,,,,,,,
Data from database: World Development Indicators,,,,,,,,,,,,,,,
Last Updated: 12/16/2025,,,,,,,,,,,,,,,
